horizon_step,horizon_minutes,MAE,RMSE,MAPE_percent
1,5,2.2601802349090576,3.9033749103546143,5.505743503570557
2,10,2.554872512817383,4.716671943664551,6.504127502441406
3,15,2.7778711318969727,5.282826900482178,7.291882514953613
4,20,2.9646987915039062,5.7285284996032715,7.986335277557373
5,25,3.129209041595459,6.102121829986572,8.613114356994629
6,30,3.280407428741455,6.432736396789551,9.196805953979492
7,35,3.416332960128784,6.7254509925842285,9.729904174804688
8,40,3.5435094833374023,6.987471103668213,10.229262351989746
9,45,3.658813238143921,7.218479633331299,10.67778491973877
10,50,3.7680516242980957,7.435380458831787,11.089983940124512
11,55,3.8766040802001953,7.635913372039795,11.4904146194458
12,60,3.983433961868286,7.83222770690918,11.888731002807617
