sensor_id,MAE,RMSE
717462,6.841657,12.435701
773939,6.7215357,12.494834
718045,6.6133156,11.5004015
717466,6.4571304,11.699861
717468,6.2199397,12.134345
717461,6.1842575,10.408792
717458,6.033416,10.053892
717472,6.0154,12.322742
716943,5.73491,9.931046
716960,5.7205157,9.344718
716339,5.605875,9.561418
716958,5.5738792,9.753754
718496,5.4614916,8.519052
774067,5.342807,9.68954
716941,5.2577286,10.46946
716955,5.1906853,7.8588734
717450,5.1743784,7.8323226
769373,5.160659,10.60866
772151,5.145962,8.976829
717504,5.135796,8.858133
764853,5.0538363,7.640274
716939,5.014293,8.51811
717453,4.960638,7.531455
717508,4.9323955,8.206712
772178,4.9203944,8.121414
717493,4.8535037,7.633792
761604,4.8520603,6.8797297
769430,4.8445315,8.819587
718089,4.800668,8.862495
717446,4.7816133,7.2035046
718090,4.7313833,8.907278
717499,4.708122,7.586802
718379,4.6970496,9.037649
716331,4.6717086,7.0464306
717495,4.668372,8.107295
717492,4.65404,7.409236
760024,4.648212,9.087082
772597,4.6114626,7.9130664
769359,4.5974197,7.1933804
717445,4.591149,7.17832
764781,4.586234,8.545778
717804,4.5020432,7.463364
716951,4.4924464,8.52157
764794,4.4837503,6.983076
769346,4.4672265,7.395391
765273,4.4637756,7.6841097
769345,4.4634166,8.03186
769358,4.447238,7.5905147
769467,4.442967,8.3898325
717816,4.414097,8.6406555
760650,4.4055266,8.113351
716949,4.2965345,7.0453496
717502,4.29179,7.6449804
717497,4.2808123,7.949591
765171,4.2621226,8.104806
764858,4.25355,8.60626
716942,4.2027597,8.153739
765099,4.1970496,6.980717
773023,4.147291,5.8784413
769444,4.1418285,7.0603456
716968,4.133987,6.406565
769443,4.0849686,7.3585463
763995,4.0733657,8.991664
717498,4.019993,6.789559
772596,3.9271297,6.824098
769867,3.8988461,5.8549986
769431,3.8432271,6.4979916
774204,3.7798672,8.143963
718141,3.760082,8.150276
718371,3.7554622,6.5111437
717456,3.7533212,7.693487
716953,3.7174845,6.02388
767053,3.708731,7.054791
768469,3.6955237,6.0580873
759772,3.6785963,6.1568527
717510,3.5412688,5.959318
773013,3.4815361,5.5627766
772140,3.458228,5.814154
765164,3.4061818,5.72831
716337,3.390057,6.221828
773954,3.385002,5.8654814
716554,3.381172,4.9304013
717452,3.3617191,6.282195
717459,3.3513122,6.4544
773927,3.330674,6.049432
717572,3.3232758,6.776708
772167,3.318616,5.1481853
773062,3.278811,5.935509
717513,3.2405283,6.629869
765265,3.2282515,6.403208
716328,3.2223992,5.6116824
773024,3.2076602,6.080195
717447,3.1911333,5.5456166
717481,3.153451,7.851885
718064,3.1425645,6.7823973
737529,3.0569706,6.280321
772669,3.052475,6.0113916
772168,3.0502224,4.6858234
717571,3.02734,6.233082
765182,3.0261564,5.723858
716956,2.9823909,5.6411886
717465,2.9807565,6.3149133
717488,2.979647,6.152605
717486,2.954498,5.747595
773012,2.9402046,6.005736
717823,2.9378784,5.7104597
767751,2.921462,4.823249
773916,2.9159434,5.8271017
773904,2.8978302,6.237409
773953,2.8947718,5.442978
769403,2.887296,6.4951954
767350,2.8802392,6.9911575
772513,2.870187,5.099722
717463,2.8585293,6.411377
717821,2.8170397,6.48361
769405,2.8108547,4.8724775
717469,2.7708464,5.175097
717573,2.7707126,6.7560716
764101,2.7552614,6.547771
717819,2.7551289,5.934871
717489,2.751394,5.361078
717608,2.7436795,6.3898168
773869,2.7384884,6.5480204
764766,2.7352846,6.186057
769372,2.6965835,5.909736
769388,2.6858296,5.3450923
717818,2.6673446,5.8837976
717473,2.657262,5.3427796
761003,2.6564817,6.9571114
769402,2.655091,4.401563
717460,2.6494977,5.55141
717480,2.642864,5.374628
717825,2.6369827,5.572188
764760,2.6271026,5.8735614
718499,2.5939884,5.2358837
767573,2.560271,5.983913
767542,2.5344505,5.993582
768066,2.533015,4.8096814
759591,2.5290189,4.9659147
718204,2.5206668,5.3641143
717583,2.4901242,4.9529467
767750,2.472343,6.2741175
760987,2.4680157,5.6647983
718066,2.464854,6.44047
771673,2.4555337,3.991855
717490,2.4434006,4.8667
717483,2.4426134,4.4550514
769418,2.4397182,4.1564555
767366,2.4263213,4.7524257
773906,2.4210024,5.3256326
717610,2.4029071,6.0899615
769847,2.3975797,3.733411
761599,2.3625197,4.2555366
773974,2.3553429,3.657272
767509,2.354642,4.0956426
769953,2.3448296,3.406727
764949,2.3350601,4.2737026
765176,2.326539,5.348203
717576,2.3114347,5.303558
767351,2.2982707,4.934855
717578,2.280545,4.1060214
769831,2.2669926,3.3699634
769941,2.2306838,3.3539894
717580,2.199565,3.687318
771667,2.1752229,3.533528
769819,2.1488075,3.2900956
765604,2.1315725,3.3518314
717099,2.129463,4.308874
759602,2.129153,4.0232663
764106,2.1135666,3.0295672
717590,1.9864566,4.943404
769926,1.9769565,3.3571584
773975,1.8916773,3.7900505
717491,1.890223,3.7547605
773995,1.878042,3.552149
767621,1.8431058,4.186428
717592,1.8223668,2.886138
773996,1.8212436,3.021007
769806,1.8168722,3.0431688
767609,1.7477953,2.8197165
767494,1.7254684,2.80506
773880,1.6635128,4.179653
717582,1.6341169,3.5608892
767471,1.6309968,2.72752
767620,1.6294869,2.4356909
767554,1.6051775,2.5975552
717570,1.5875257,3.710448
774011,1.5859296,3.3824325
762329,1.5631785,3.8217494
764424,1.554356,2.839537
767470,1.5536468,2.396493
767572,1.534077,2.3203132
767541,1.5291228,2.7439468
767523,1.505083,3.148194
717587,1.5005821,2.421414
774012,1.4939681,3.6231549
718072,1.4861828,2.7996335
717585,1.4733709,2.3112972
767454,1.4447261,3.4527192
716571,1.3913004,3.110672
764120,1.3424038,2.6510994
767610,1.303426,2.2540193
717595,1.2659413,2.9762566
767585,1.2275668,2.177233
767455,1.2229333,2.1353545
718076,1.2013104,2.1161344
767495,1.0310587,1.9524467
