epoch,train_loss,val_loss
1,0.04982578503684355,0.013205857814422675
2,0.004999247670639306,0.0006585188675671816
3,0.0004896000783236769,7.293143322125875e-05
4,0.00013559011047338852,1.599064671609085e-05
5,6.566217738369372e-05,9.326967171676057e-06
6,3.957793384100884e-05,6.842880403772662e-06
7,2.639918812537172e-05,5.693794719263678e-06
8,1.9132375830220273e-05,5.174444205684787e-06
9,1.5099896910004854e-05,4.699030341726029e-06
10,1.2532900725021205e-05,4.444701906842445e-06
11,1.0783361736125349e-05,3.988506770318574e-06
12,9.410228708125382e-06,3.78634100733117e-06
13,8.603332179728359e-06,3.603456044792048e-06
14,7.842014016345134e-06,3.487207842616564e-06
15,7.271415177875986e-06,3.2042186960877317e-06
16,6.561738036208016e-06,3.102434675383847e-06
17,6.0654052818930586e-06,2.9678994906134903e-06
18,5.593931046650351e-06,2.8198232939757872e-06
19,5.198771602338708e-06,2.6552172260250828e-06
20,4.876700726386984e-06,2.5297106276411796e-06
21,4.6146355473935655e-06,2.4584007535720176e-06
22,4.249331560948542e-06,2.3205614070320735e-06
23,4.098428952112534e-06,2.2725023102663855e-06
24,3.915129066346988e-06,2.1697377893100826e-06
25,3.7378461176838473e-06,2.080765398204676e-06
26,3.5349457465809583e-06,2.0673976450780174e-06
27,3.4017449217152225e-06,1.983786660275655e-06
28,3.209811325177725e-06,1.9705330812160227e-06
29,3.1329493769869887e-06,1.8724493072243474e-06
30,3.0343040512329585e-06,1.8513833310862537e-06
31,2.9632038394293677e-06,1.9169751794834156e-06
32,2.8495210244727787e-06,1.7858632840476015e-06
33,2.7709487452599346e-06,1.7590203274916609e-06
34,2.6382777185482646e-06,1.7331429457304433e-06
35,2.6038531429479076e-06,1.7187577928520374e-06
36,2.548000950880053e-06,1.6783051413377898e-06
37,2.455768647171051e-06,1.6827434592414647e-06
38,2.4548654489710598e-06,1.6564961405103013e-06
39,2.340480967597194e-06,1.6258950544007739e-06
40,2.2940513417779584e-06,1.5952964531606995e-06
41,2.2337733473530252e-06,1.583605921950948e-06
42,2.19265187367385e-06,1.5741545829379383e-06
43,2.161055450554928e-06,1.531959583189746e-06
44,2.102374231491502e-06,1.5303038480851683e-06
45,2.071579283088235e-06,1.5010864607185276e-06
46,2.131802156887156e-06,1.8755940475654955e-06
47,2.0874373332774735e-06,1.4570082222624997e-06
48,1.9951894107459966e-06,1.4558504030251892e-06
49,2.896746208919537e-06,1.5079374082103771e-06
50,2.536377940906767e-06,1.6251023323223177e-06
